date,Hotel_A,Hotel_B,Hotel_C
2024-01-01,133.6,167.17,148.91
2024-01-02,148.82,163.63,151.7
2024-01-03,151.24,158.62,145.49
2024-01-04,129.0,169.95,155.11
2024-01-05,135.07,160.39,147.96
2024-01-06,147.38,164.37,149.8
2024-01-07,144.68,156.23,164.85
2024-01-08,147.91,159.97,146.45
2024-01-09,142.03,154.67,136.29
2024-01-10,156.68,168.95,169.26
2024-01-11,156.62,152.37,177.53
2024-01-12,151.66,168.78,154.62
2024-01-13,160.84,161.69,143.06
2024-01-14,156.22,173.24,156.73
2024-01-15,146.23,170.5,157.55
2024-01-16,156.63,179.64,158.9
2024-01-17,146.55,171.46,152.05
2024-01-18,161.74,153.53,166.08
2024-01-19,154.76,166.02,166.09
2024-01-20,154.08,157.58,150.34
2024-01-21,150.46,163.16,168.24
2024-01-22,165.99,179.69,179.36
2024-01-23,155.22,172.95,164.57
2024-01-24,153.23,162.45,160.69
2024-01-25,153.98,160.08,162.39
2024-01-26,161.14,168.54,168.54
2024-01-27,159.84,158.57,149.8
2024-01-28,160.2,162.92,164.94
2024-01-29,160.27,170.71,160.43
2024-01-30,173.83,177.33,178.21
2024-01-31,153.26,172.77,161.85
2024-02-01,152.18,149.34,176.35
2024-02-02,149.48,169.82,153.89
2024-02-03,160.58,167.62,167.08
2024-02-04,164.3,169.97,164.55
2024-02-05,153.92,179.15,154.61
2024-02-06,147.63,149.23,162.5
2024-02-07,147.23,160.49,170.26
2024-02-08,158.46,169.37,157.4
2024-02-09,158.59,151.38,145.84
2024-02-10,156.34,175.19,158.59
2024-02-11,145.98,165.64,150.82
2024-02-12,152.44,168.75,154.58
2024-02-13,150.77,156.66,155.92
2024-02-14,150.81,166.96,142.14
2024-02-15,155.22,168.19,142.06
2024-02-16,149.21,160.68,158.01
2024-02-17,152.0,159.84,149.12
2024-02-18,146.25,159.26,131.92
2024-02-19,147.14,149.31,157.84
2024-02-20,148.99,154.15,152.85
2024-02-21,131.39,153.21,144.07
2024-02-22,139.58,156.6,138.34
2024-02-23,137.48,160.63,154.66
2024-02-24,135.23,143.26,149.87
2024-02-25,137.25,149.84,165.24
2024-02-26,150.52,161.81,148.66
2024-02-27,130.76,143.13,147.53
2024-02-28,144.58,141.65,142.23
2024-02-29,122.53,149.0,149.26
2024-03-01,132.5,153.32,146.91
2024-03-02,135.69,145.87,151.13
2024-03-03,138.31,155.64,136.18
2024-03-04,138.57,151.13,136.13
2024-03-05,138.53,150.3,135.08
2024-03-06,128.72,147.34,144.57
2024-03-07,127.18,160.89,149.6
2024-03-08,137.15,140.04,133.35
2024-03-09,128.21,125.1,133.08
2024-03-10,119.03,153.46,138.48
2024-03-11,119.71,136.51,133.55
2024-03-12,121.01,140.62,142.72
2024-03-13,131.98,149.87,116.72
2024-03-14,128.83,126.27,127.81
2024-03-15,132.96,128.81,127.91
2024-03-16,123.81,125.81,115.39
2024-03-17,128.34,132.11,126.09
2024-03-18,131.97,141.88,126.38
2024-03-19,124.45,142.51,132.04
2024-03-20,130.58,140.53,142.56
2024-03-21,121.69,127.08,131.76
2024-03-22,124.2,120.01,125.59
2024-03-23,124.22,139.1,133.55
2024-03-24,117.93,135.11,142.62
2024-03-25,131.66,142.83,126.69
2024-03-26,124.34,145.1,127.54
2024-03-27,128.57,140.96,139.67
2024-03-28,132.73,146.36,133.85
2024-03-29,132.93,142.58,141.27
2024-03-30,135.2,145.51,136.5
2024-03-31,129.65,136.19,142.78
2024-04-01,127.65,140.99,129.49
2024-04-02,131.04,144.64,138.31
2024-04-03,118.85,150.31,137.4
2024-04-04,121.49,141.3,130.07
2024-04-05,123.23,149.37,128.03
2024-04-06,126.6,143.84,146.8
2024-04-07,138.58,145.83,139.31
2024-04-08,128.96,154.23,134.76
2024-04-09,134.02,132.49,143.01
2024-04-10,148.3,138.93,153.66
2024-04-11,135.93,138.32,127.27
2024-04-12,145.57,132.39,134.43
2024-04-13,133.1,146.53,139.92
2024-04-14,139.82,158.85,159.89
2024-04-15,134.77,151.48,151.36
2024-04-16,140.56,156.24,156.14
2024-04-17,150.89,164.27,141.77
2024-04-18,131.23,167.06,142.83
2024-04-19,149.4,156.76,156.24
2024-04-20,148.69,169.01,153.99
2024-04-21,142.88,159.76,158.75
2024-04-22,136.89,153.15,153.69
2024-04-23,149.83,155.89,158.21
2024-04-24,145.79,149.57,158.02
2024-04-25,152.63,155.06,163.73
2024-04-26,151.66,160.01,164.67
2024-04-27,164.97,169.98,145.93
2024-04-28,150.88,177.96,141.55
2024-04-29,145.21,153.73,168.15
2024-04-30,155.39,168.49,170.19
2024-05-01,156.23,157.54,153.04
2024-05-02,165.82,170.13,146.8
2024-05-03,162.05,165.71,162.89
2024-05-04,158.6,152.49,169.92
2024-05-05,167.77,174.88,177.18
2024-05-06,146.83,162.89,167.2
2024-05-07,151.44,163.68,160.32
2024-05-08,149.32,159.56,156.32
2024-05-09,153.73,163.0,163.67
2024-05-10,145.89,171.72,161.25
2024-05-11,161.99,166.79,155.53
2024-05-12,155.09,170.89,179.99
2024-05-13,145.0,171.05,177.78
2024-05-14,148.48,178.57,172.43
2024-05-15,158.91,165.05,155.77
2024-05-16,162.84,155.72,169.71
2024-05-17,171.8,175.76,167.68
2024-05-18,178.78,164.21,165.74
2024-05-19,158.37,175.36,171.79
2024-05-20,146.68,169.05,166.41
2024-05-21,137.04,164.43,166.75
2024-05-22,155.68,167.72,165.37
2024-05-23,146.45,179.95,162.41
2024-05-24,149.0,180.33,144.79
2024-05-25,146.76,163.6,159.06
2024-05-26,149.82,163.62,153.23
2024-05-27,158.74,170.22,146.71
2024-05-28,150.71,154.08,169.64
2024-05-29,147.39,162.71,169.22
2024-05-30,139.55,159.02,165.45
2024-05-31,133.6,160.9,155.77
2024-06-01,142.25,150.87,163.68
2024-06-02,144.84,143.94,152.1
2024-06-03,158.53,139.19,152.74
2024-06-04,144.53,145.94,141.48
2024-06-05,150.45,150.31,152.5
2024-06-06,137.7,150.74,148.91
2024-06-07,131.31,167.68,137.1
2024-06-08,132.17,160.13,146.22
2024-06-09,133.2,142.7,145.1
2024-06-10,155.15,152.3,159.24
2024-06-11,130.69,145.39,151.15
2024-06-12,143.12,145.53,143.24
2024-06-13,128.36,148.46,144.31
2024-06-14,142.23,151.12,141.86
2024-06-15,137.08,142.67,139.11
2024-06-16,131.99,153.15,131.32
2024-06-17,132.2,134.78,138.05
2024-06-18,126.6,143.28,132.61
2024-06-19,134.76,163.36,127.92
2024-06-20,126.94,143.76,141.4
2024-06-21,120.21,152.87,139.87
2024-06-22,119.26,141.61,121.92
2024-06-23,130.38,145.04,134.75
2024-06-24,141.2,139.5,143.27
2024-06-25,129.46,138.21,143.39
2024-06-26,126.89,133.0,142.78
2024-06-27,129.84,142.39,134.6
2024-06-28,137.77,131.9,127.29
2024-06-29,128.9,143.86,125.2
2024-06-30,123.72,147.09,136.5
2024-07-01,135.79,141.26,136.71
2024-07-02,130.35,136.02,143.95
2024-07-03,139.24,141.97,142.48
2024-07-04,128.5,135.96,132.71
2024-07-05,117.38,146.06,123.96
2024-07-06,116.43,124.12,131.56
2024-07-07,140.83,136.33,136.09
2024-07-08,141.71,123.39,133.04
2024-07-09,126.84,127.7,130.38
2024-07-10,125.61,150.97,137.43
2024-07-11,140.81,147.67,131.82
2024-07-12,120.75,135.25,131.32
2024-07-13,122.99,129.52,139.37
2024-07-14,135.88,118.4,134.25
2024-07-15,128.19,138.39,140.04
2024-07-16,131.97,162.76,140.93
2024-07-17,131.4,147.57,130.32
2024-07-18,136.13,140.35,136.31
2024-07-19,145.45,149.3,152.43
2024-07-20,135.7,133.88,132.41
2024-07-21,140.94,144.8,125.59
2024-07-22,120.22,148.81,128.46
2024-07-23,137.08,148.18,144.44
2024-07-24,131.6,156.06,145.32
2024-07-25,129.47,153.37,145.02
2024-07-26,133.09,156.86,156.56
2024-07-27,138.34,146.9,126.37
2024-07-28,149.24,160.49,151.82
